"fr_FRA_lmonde_int" "2017-07-17 13:28:53" "L’esplanade des Mosquées rouvre ses portes, mais la tension demeure" "Des fidèles musulmans prient à l’extérieur du site pour protester contre l’installation unilatérale de détecteurs de métaux par les autorités israéliennes, après le meurtre de deux policiers, vendredi 14 juillet."
"fr_FRA_lmonde_int" "2017-07-17 11:50:49" "4 questions pour comprendre le retour de la Grèce sur les marchés" "Athènes pourrait émettre une obligation cette semaine, afin de tester les investisseurs. La dernière tentative remonte à 2014."
"fr_FRA_lmonde_int" "2017-07-17 11:47:31" "La Chine continue de croître à crédit" "Au deuxième trimestre, le PIB chinois est en hausse de 6,9 %. L’endettement du pays est source d’inquiétudes."
"fr_FRA_lmonde_int" "2017-07-17 11:39:53" "La diplomatie créative du président Macron" "Editorial. En invitant successivement, à Paris, Vladimir Poutine, Angela Merkel, Donald Trump et Benyamin Nétanyahou, le chef de l’Etat a remis la France dans le jeu diplomatique mondial."
"fr_FRA_lmonde_int" "2017-07-17 11:17:05" "Federica Mogherini : « Il faut créer un Etat stable en Libye »" "Pour la chef de la diplomatie de l’UE, un accord migratoire avec les autorités libyennes est impossible à ce stade."
"fr_FRA_lmonde_int" "2017-07-17 11:13:58" "La mort de Maryam Mirzakhani, mathématicienne" "L’Iranienne, décédée à l’âge de 40 ans le 15 juillet aux Etats-Unis, est la première femme à avoir remporté la médaille Fields, équivalent du prix Nobel dans la discipline"
"fr_FRA_lmonde_int" "2017-07-17 11:10:36" "Fronde en Pologne contre la reprise en main de la justice" "L’exécutif ultraconservateur remanie les instances judiciaires, en dépit des rappels à l’ordre de l’UE sur l’Etat de droit."
"fr_FRA_lmonde_int" "2017-07-17 11:04:12" "Brexit : l’UE et le Royaume-Uni dans le dur des négociations" "Le nouveau cycle de discussions abordera notamment les droits des citoyens et la question irlandaise."
"fr_FRA_lmonde_int" "2017-07-17 11:00:51" "Venezuela : forte participation au référendum anti-Maduro" "Sept millions de Vénézuéliens ont dit oui à des élections anticipées lors d’une consultation de l’opposition."
"fr_FRA_lmonde_int" "2017-07-17 10:47:32" "« Choukran Vichy », le concert du 14-Juillet des Soudan Célestins Music pour dire merci" "Série « Les nouveaux arrivants ». A l’occasion du 14-Juillet, les réfugiés soudanais et érythréens installés dans l’Allier ont voulu saluer l’accueil et le soutien qu’ils ont reçus des habitants."
"fr_FRA_lmonde_int" "2017-07-17 10:46:33" "Inquiétude sur le sort de Liu Xia après la mort de son mari, Liu Xiaobo" "Les proches de la poétesse Liu Xia sont sans nouvelles depuis les funérailles du dissident."
"fr_FRA_lmonde_int" "2017-07-17 08:19:25" "Rattrapez l’actu que vous avez ratée en vacances avec notre Récapator 2017" "« En vacances, j’oublie tout », chantait le poète : avec notre application, sélectionnez votre période de vacances et rattrapez ce que vous avez manqué."
"fr_FRA_lmonde_int" "2017-07-17 07:48:21" "L’Inde en passe d’élire un « intouchable » président" "Deux dalits s’affrontent pour la présidence indienne. Elu au suffrage indirect, le successeur de Pranab Mukherjee entamera son mandat de cinq ans le 24 juillet."
"fr_FRA_lmonde_int" "2017-07-17 06:45:39" "Avec Nétanyahou, Macron réaffirme sa méthode en politique internationale" "Le président français, qui recevait dimanche le premier ministre israélien, compte sur ses capacités de conviction et d’empathie pour faire bouger les lignes. Quitte à en faire trop."
"fr_FRA_lmonde_int" "2017-07-17 06:43:35" "« Le président Macron a entaillé le pacte de confiance avec l’armée »" "Dans une tribune au « Monde », le général François Chauvancy considère qu’après la crise budgétaire, le divorce pourrait être consommé entre le chef de l’Etat et la communauté militaire."
"fr_FRA_lmonde_int" "2017-07-17 06:42:48" "« La défense ne pouvait pas échapper aux réductions budgétaires »" "Dans une tribune au « Monde », le général Paloméros, ex-chef d’état-major de l’armée de l’air (2009-2012), estime qu’il faut repousser les investissements liés aux équipements militaires."
"fr_FRA_lmonde_int" "2017-07-17 06:40:12" "Au pays de Luther, une « truie des juifs » fait polémique" "A Wittenberg, ville d’Allemagne où est née la Réforme il y a 500 ans, un bas-relief sur la façade d’une église divise la communauté protestante et le monde politique."
"fr_FRA_lmonde_int" "2017-07-17 06:39:26" "La Corée du Sud invite le Nord à la discussion" "Aucune réunion intercoréenne n’a eu lieu depuis décembre 2015, l’ancienne présidente sud-coréenne ayant dénoncé l’escalade nucléaire poursuivie par Pyongyang."
"fr_FRA_lmonde_int" "2017-07-17 03:00:22" "Incendies dans l’Ouest canadien : 37 000 personnes déplacées depuis neuf jours" "Quelque 162 foyers d’incendie sont encore actifs dimanche. Une quinzaine d’entre eux menacent des villes habitées."
"fr_FRA_lmonde_int" "2017-07-17 01:08:46" "Pologne : des milliers de personnes manifestent contre les réformes du système judiciaire" "Accusées d’affaiblir la séparation des pouvoirs, les réformes menées par le PiS concernent le Conseil national de la magistrature et les tribunaux de droit commun."
