"fr_BEL_lesoir_int" "2017-08-01 09:47:37" "U2: la police demande d’éviter le plateau du Heysel ce soir" "Près de 50.000 personnes sont attendues pour le concert du groupe, à Bruxelles."
"fr_BEL_lesoir_int" "2017-08-01 09:16:05" "«Parking 58» fermé: voici les autres parkings à Bruxelles (carte interactive)" "La barrière du parking s’est définitivement refermée ce matin à 8h. Comment trouver une place à garer?"
"fr_BEL_lesoir_int" "2017-08-01 08:39:19" "MR: David Clarinval nommé chef de groupe à la Chambre, après un jeu de chaises musicales" "Une manière de corriger un déséquilibre constaté au sein du Mouvement réformateur: aucun élu issu de la province de Namur ne figurait dans la distribution ministérielle de la semaine passée."
"fr_BEL_lesoir_int" "2017-08-01 08:33:47" "Le 1722, un nouveau numéro activé pour les appels qui nécessitent les pompiers" "Il ne sera activé pour l’instant qu’en cas de tempête ou d’inondation. Il devra être utilisé lorsqu’une intervention de police est requise."
"fr_BEL_lesoir_int" "2017-08-01 07:45:14" "Trump aurait dicté une fausse déclaration sur la rencontre de son fils avec l’avocate russe" "En juin 2016, le fils du président a rencontré une avocate russe. Officiellement, ils auraient «
                    principalement parlé d’un programme d’adoption d’enfants russes
                    »."
"fr_BEL_lesoir_int" "2017-08-01 07:25:00" "Trois garagistes sur quatre ne sont pas en ordre avec Car-Pass" "Depuis 2006, Car-Pass délivre aux acheteurs d'une voiture d'occasion une garantie que le compteur kilométrique n'a pas été trafiqué."
"fr_BEL_lesoir_int" "2017-08-01 06:36:00" "Nicolas Maduro se dit «fier» des sanctions infligées par «l'Empereur Donald Trump»" "Le président vénézuelien est dans la tourmente après les protestations contre son projet de ré-écriture de la Constitution."
"fr_BEL_lesoir_int" "2017-08-01 06:21:00" "Le gouvernement Michel va renforcer la lutte contre la fraude sociale" "Les sanctions pour les fraudeurs sociaux seront également plus sévères."
"fr_BEL_lesoir_int" "2017-08-01 06:09:00" "Orages: une partie de la Belgique en alerte jaune" "Les maxima frôleront les 25 degrés."
"fr_BEL_lesoir_int" "2017-07-31 23:50:40" "JO: Anne Hidalgo «heureuse» du «nouveau pas important» vers un accord" "Sur Twitter et Facebook, la maire de la capitale a rappelé que «début juillet, les membres du CIO ont ouvert la voie à une double attribution des Jeux 2024 et 2028»."
