"pl_POL_newsweek_int" "2017-07-11 14:20:00" "Porady turystyczne Marcina Mellera" "Zatrzymajcie się z rodziną w hotelu Czynu Narodowego, na Lecha Kaczyńskiego przy rogu Ofiar Smoleńska."
"pl_POL_newsweek_int" "2017-07-11 13:59:00" "Zbiorowy gwałt, próba samobójcza, bieda. Historia skrzywdzonej w Gdyni Mołdawianki poruszyła Polskę" "Swietłana nie ma wielu powodów, by dobrze wspominać Polskę. Pod pretekstem pracy sprzątaczki została uwięziona w gdyńskim mieszkaniu i przez całą noc gwałcona przez dwóch mężczyzn. Rano wyskoczyła z okna. Jest w bardzo ciężkim stanie. Historia Mołdawianki poruszyła Polaków, którzy zbierają teraz na jej leczenie."
"pl_POL_newsweek_int" "2017-07-11 13:16:00" "Wiceszef MON współpracował z prorosyjskimi nacjonalistami?" "Tak twierdzi niemiecki dziennik."
"pl_POL_newsweek_int" "2017-07-11 11:35:00" "Oszust wyłudził ponad 500 tys. złotych, zbierając na leczenie nieistniejącego chłopca. Sprawa w prokuraturze" "Historia fikcyjnego Antosia, na którego leczenie 100 tys. złotych przekazali Lewandowscy, pokazuje jak mało trzeba, żeby zniszczyć tak wiele. Ale też jak niewiele potrzeba, żeby sprawdzić czy warto pomagać."
"pl_POL_newsweek_int" "2017-07-11 11:30:00" "Miesięcznica od środka: „My się modlimy, a za barierkami są szaleńcy”" "Procesja w miesięcznicę smoleńską idzie jak w tunelu. Skupiona na sobie. Świat zewnętrzny odległy. Składa się z ludzi za barierkami."
"pl_POL_newsweek_int" "2017-07-11 11:00:00" "Trochę poczekamy. Macierewicz oznajmił, kiedy Patrioty trafią do Polski" "- Będziemy mieli do czynienia z najnowocześniejszą wersją rakiet Patriot - dodał z dumą szef MON. Sęk w tym, że ta jeszcze nie istnieje."
"pl_POL_newsweek_int" "2017-07-11 10:24:00" "Ostatni świadek Rzezi Wołyńskiej" "Wszystko zaczęło się od Parośli. Przyszli nad ranem. Najpierw wszystkich związali, a potem miarowo zaczęli mordować. Jedno uderzenie siekierą, jedna śmierć. Mężczyzna, kobieta, dziecko..."
"pl_POL_newsweek_int" "2017-07-11 09:09:00" "Dlaczego Obywatele RP wygrali konfrontację na Krakowskim Przedmieściu?" "Obywatelom RP udało się zorganizować protest a jednocześnie uniknąć udziału w rytuale polsko-polskiej nienawiści."
"pl_POL_newsweek_int" "2017-07-11 08:36:00" "Królewna Ivanka na szczycie" "Przeciwnicy Donalda Trumpa krytykują jego córkę za zajęcie miejsca pośród głów państw na szczycie G-20. „To dziwaczne” – komentują. Może było to niewłaściwe z dyplomatycznego punktu widzenia, ale prawdziwym problemem są międzynarodowe interesy Ivanki i konflikt interesów, w który zabrnęli także jej ojciec i bracia."
"pl_POL_newsweek_int" "2017-07-11 08:30:00" "Starzy i bezbronni. Opieka nad seniorami jest w Polsce na żenującym poziomie" "Przychodzi wnuczek z dziadkiem do psychiatry i mówi: proszę zobaczyć, dziadek ma kompletnego fioła. Trzeba go ubezwłasnowolnić. Bo zrobi sobie krzywdę."
"pl_POL_newsweek_int" "2017-07-11 08:09:00" "Zakłócenie aktu religijnego. Za co policja karze przeciwników miesięcznicy?" "Po poniedziałkowych manifestacjach policja skieruje do sądu 44 wnioski o ukaranie w związku z wykroczeniami."
"pl_POL_newsweek_int" "2017-07-11 08:00:00" "Zaciągnął psa do lasu i poderżnął mu gardło. Oprawcy zwierząt wciąż najczęściej bezkarni" "Ramzes miał 14 lat. Dariusz K., właściciel psa zaciągnął zwierzę do piwnicy, włożył mu na głowę worek, próbował zarąbać go siekierą. Obrońców zwierząt zaalarmowali sąsiedzi. Na skwerku przed domem mężczyzny w Oświęcimiu dostrzegli na początku lipca wystającą z ziemi głowę Ramzesa. Gdy wyjęto z ziemi zwłoki psa z pyska wylała się krew."
"pl_POL_newsweek_int" "2017-07-11 07:31:00" "„Pokój Rozkoszy” – największy skandal obyczajowy w dziejach Wielkopolski" "W marcu 1932 r. dziennikarze odkryli, że na czele pedofilskiej szajki w Wielkopolsce stoi znany działacz endecji."
"pl_POL_newsweek_int" "2017-07-11 07:00:00" "„To absurd”! Kontrowersje wokół listy UNESCO" "Niektórzy obradujący na znak protestu wyszli z sali."
"pl_POL_newsweek_int" "2017-07-11 06:30:00" "Blokady miesięcznicy nie było, ale Kaczyński i tak grzmiał o katastrofie i Wałęsie" "Tysiące kontrmanifestantów i Obywateli RP nie chciały konfrontacji i spokojnie opuściły Krakowskie Przedmieście. [RELACJA]"
"pl_POL_newsweek_int" "2017-07-10 20:25:00" "Bunt prawicowego trolla. Zainterweniował sam poseł Dominik Tarczyński" "Prawicowy troll zirytował się planowanymi podwyżkami cen. Poseł tarczyński szybko postawił go do pionu."
"pl_POL_newsweek_int" "2017-07-10 17:46:00" "Kościół przeprasza za Jedwabne" "Biskup Markowski przeprosił w imieniu polskiego Kościoła za pogrom w Jedwabnem w 1941 roku."
"pl_POL_newsweek_int" "2017-07-10 16:35:00" "Tak wygląda „maluch”, którego Tom Hanks dostał od mieszkańców Bielska-Białej" "Wersja Fiata 126p. przygotowana specjalnie dla aktora robi wrażenie."
"pl_POL_newsweek_int" "2017-07-10 16:00:00" "Na czym polega turystyczna magia Wrocławia?" "„Wroclove” – tak mieszkańcy Wrocławia nazywają swoje miasto."
"pl_POL_newsweek_int" "2017-07-10 15:15:00" "Ta analiza wizyty Trumpa w Europie stała się viralem. Dotyczy też Polski" "Dwóch minut i dwudziestu sekund: tyle potrzebował dziennikarz Chris Uhlmann, by podsumować rolę prezydenta USA na szczycie G20."
"pl_POL_newsweek_int" "2017-07-10 11:48:00" "Stary-nowy Bond. Craig jednak zagra Agenta 007?" "Aktor za dwa kolejne filmy ma zainkasować nawet ponad miliard złotych."
"pl_POL_newsweek_int" "2017-07-10 10:48:00" "Tusk porzuci PO i wróci do polskiej polityki z własną partią?" "Dotychczas o powrocie Tuska do polskiej polityki mówiło się przede wszystkim w kontekście wyborów prezydenckich w 2020 roku. Ale może się to zdarzyć trochę wcześniej."
"pl_POL_newsweek_int" "2017-07-10 09:42:00" "Program „benzyna plus”. Podwyżka cen paliw przesądzona" "Pełny bak już jesienią będzie Polaków kosztować więcej."
"pl_POL_newsweek_int" "2017-07-10 08:40:00" "Czy firmie z Opola uda się wejść do ekstraklasy touroperatorów?" "Itaka rusza na podbój sąsiednich rynków."
"pl_POL_newsweek_int" "2017-07-10 08:00:00" "Pogromy Żydów: Łopatą, sztachetą, kijem" "W Rajgrodzie, w lesie, gdzie zastrzelono 40 Żydów, lokalne władze urządziły po wojnie wysypisko śmieci. Tak wygląda nasza pamięć o pogromach – mówi dr Mirosław Tryczyk, autor książki „Miasta śmierci. Sąsiedzkie pogromy Żydów”. Dziś mija 76. rocznica zbrodni w Jedwabnem."
"pl_POL_newsweek_int" "2017-07-12 09:35:00" "Nie żyje Lech Morawski, sędzia Trybunału Konstytucyjnego" "W nocy zmarł prof. Lech Morawski, prawnik, od kilku miesięcy sędzia Trybunału Konstytucyjnego. Miał 68 lat."
"pl_POL_newsweek_int" "2017-07-12 09:25:00" "Zobacz, która piosenka zdetronizowała „Gangnam Style” na YouTubie" "„See you again” w wykonaniu Wiza Khalify i Charlie'go Putha najczęściej oglądanym filmem na YouTube."
"pl_POL_newsweek_int" "2017-07-12 09:00:00" "Długie kolorowe i modne. Wielki powrót skarpet" "Na stopach modeli spacerujących po wybiegu Prady i nad kostką Justina Trudeau. Kolorowe skarpety wracają do łask."
"pl_POL_newsweek_int" "2017-07-12 08:30:00" "Unikaj samotności! Miłość i przyjaźń uśmierzają ból" "Łagodzą stres i poprawiają nastrój, a teraz dowiedziono, że miłość i przyjaźń także uśmierzają ból. I to dosłownie."
"pl_POL_newsweek_int" "2017-07-12 08:00:00" "Podczas miesięcznic smoleńskich Kaczyński kłamie w żywe oczy [UDOWADNIAMY]" "Emocjonalne przemowy prezesa PiS są złożone z bzdur, półprawd i pomówień."
"pl_POL_newsweek_int" "2017-07-12 07:30:00" "„Dla Amerykanów nie jesteśmy zbyt ważni”, czyli smutna prawda o wizycie Trumpa" "Propaganda sukcesu po wizycie prezydenta Stanów Zjednoczonych w Polsce nie ma wiele wspólnego z polityczną rzeczywistością."
"pl_POL_newsweek_int" "2017-07-12 07:00:00" "Reprywatyzacja. Patryk Jaki przecenia swoje zasługi" "W sprawie kamienicy przy Twardej wiceminister Patryk Jaki ma rację. Ale jednocześnie wywarza otwarte drzwi."
"pl_POL_newsweek_int" "2017-07-11 22:19:00" "Nie miała nawet 15 lat, gdy brutalnie zgwałcili ją koledzy. Dziś dostała odszkodowanie" "10 lat koledzy ze szkoły brutalnie ją zgwałcili. Sądy potraktowały gwałcicieli wyjątkowo łagodnie. Teraz udało jej się wywalczyć 250 tys. zł zadośćuczynienia. W sprawę zaangażowała się Helsińska Fundacja Praw Człowieka."
"pl_POL_newsweek_int" "2017-07-11 21:20:00" "Niech „się przeniosą do Lasu Kabackiego”. Błaszczak o opozycji" "Obozowi rządzącemu najwyraźniej bardzo doskwierają kontrmanifestacje smoleńskie."
"pl_POL_newsweek_int" "2017-07-11 20:04:00" "Polacy krytycznie oceniają pracę posłów" "Sondaż CBOS: Ponad połowa Polaków wyraża niezadowolenie z pracy parlamentarzystów. Pozytywnie ocenia ich jedynie 29 proc."
"pl_POL_newsweek_int" "2017-07-11 19:00:00" "Obywatele RP uczą się na błędach KOD. Rozliczają każdą złotówkę" "„Miesiąc temu, gdy zaczynaliśmy zbiórkę, to obiecaliśmy, że będziemy się rozliczać i publikować sprawozdania finansowe. Dziś jest pierwsze takie rozliczenie.”"
"pl_POL_newsweek_int" "2017-07-11 17:20:00" "Dziennikarz wyrzucony z Polskiego Radia. Wystarczyły dwa trudne pytania do Szydło" "Prowadzący „Sygnały dnia” w radiowej Jedynce Wojciech Dąbrowski zapłacił za dociekliwość?"
"pl_POL_newsweek_int" "2017-07-11 17:20:00" "Wiceszef MON współpracował z prorosyjskimi nacjonalistami?" "Tak twierdzi niemiecki dziennik."
"pl_POL_newsweek_int" "2017-07-11 14:20:00" "Porady turystyczne" "Zatrzymajcie się z rodziną w hotelu Czynu Narodowego, na Lecha Kaczyńskiego przy rogu Ofiar Smoleńska."
"pl_POL_newsweek_int" "2017-07-11 13:59:00" "Zbiorowy gwałt, próba samobójcza, bieda. Historia skrzywdzonej w Gdyni Mołdawianki poruszyła Polskę" "Swietłana nie ma wielu powodów, by dobrze wspominać Polskę. Pod pretekstem pracy sprzątaczki została uwięziona w gdyńskim mieszkaniu i przez całą noc gwałcona przez dwóch mężczyzn. Rano wyskoczyła z okna. Jest w bardzo ciężkim stanie. Historia Mołdawianki poruszyła Polaków, którzy zbierają teraz na jej leczenie."
"pl_POL_newsweek_int" "2017-07-11 11:35:00" "Oszust wyłudził ponad 500 tys. złotych, zbierając na leczenie nieistniejącego chłopca" "Historia fikcyjnego Antosia, na którego leczenie 100 tys. złotych przekazali Lewandowscy, pokazuje jak mało trzeba, żeby zniszczyć tak wiele."
"pl_POL_newsweek_int" "2017-07-11 11:30:00" "Miesięcznica od środka: „My się modlimy, a za barierkami są szaleńcy”" "Procesja w miesięcznicę smoleńską idzie jak w tunelu. Skupiona na sobie. Świat zewnętrzny odległy. Składa się z ludzi za barierkami."
"pl_POL_newsweek_int" "2017-07-11 11:00:00" "Trochę poczekamy. Macierewicz oznajmił, kiedy Patrioty trafią do Polski" "- Będziemy mieli do czynienia z najnowocześniejszą wersją rakiet Patriot - dodał z dumą szef MON. Sęk w tym, że ta jeszcze nie istnieje."
"pl_POL_newsweek_int" "2017-07-11 10:24:00" "Ostatni świadek Rzezi Wołyńskiej" "Wszystko zaczęło się od Parośli. Przyszli nad ranem. Najpierw wszystkich związali, a potem miarowo zaczęli mordować. Jedno uderzenie siekierą, jedna śmierć. Mężczyzna, kobieta, dziecko..."
"pl_POL_newsweek_int" "2017-07-11 09:09:00" "Dlaczego Obywatele RP wygrali konfrontację na Krakowskim Przedmieściu?" "Obywatelom RP udało się zorganizować protest a jednocześnie uniknąć udziału w rytuale polsko-polskiej nienawiści."
"pl_POL_newsweek_int" "2017-07-11 08:36:00" "Królewna Ivanka na szczycie" "Przeciwnicy Donalda Trumpa krytykują jego córkę za zajęcie miejsca pośród głów państw na szczycie G-20. „To dziwaczne” – komentują. Może było to niewłaściwe z dyplomatycznego punktu widzenia, ale prawdziwym problemem są międzynarodowe interesy Ivanki i konflikt interesów, w który zabrnęli także jej ojciec i bracia."
"pl_POL_newsweek_int" "2017-07-11 08:30:00" "Starzy i bezbronni. Opieka nad seniorami jest w Polsce na żenującym poziomie" "Przychodzi wnuczek z dziadkiem do psychiatry i mówi: proszę zobaczyć, dziadek ma kompletnego fioła. Trzeba go ubezwłasnowolnić. Bo zrobi sobie krzywdę."
"pl_POL_newsweek_int" "2017-07-11 08:09:00" "Zakłócenie aktu religijnego. Za co policja karze przeciwników miesięcznicy?" "Po poniedziałkowych manifestacjach policja skieruje do sądu 44 wnioski o ukaranie w związku z wykroczeniami."
"pl_POL_newsweek_int" "2017-07-11 08:00:00" "Zaciągnął psa do lasu i poderżnął mu gardło. Oprawcy zwierząt wciąż najczęściej bezkarni" "Ramzes miał 14 lat. Dariusz K., właściciel psa zaciągnął zwierzę do piwnicy, włożył mu na głowę worek, próbował zarąbać go siekierą. Obrońców zwierząt zaalarmowali sąsiedzi. Na skwerku przed domem mężczyzny w Oświęcimiu dostrzegli na początku lipca wystającą z ziemi głowę Ramzesa. Gdy wyjęto z ziemi zwłoki psa z pyska wylała się krew."
"pl_POL_newsweek_int" "2017-07-11 07:31:00" "„Pokój Rozkoszy” – największy skandal obyczajowy w dziejach Wielkopolski" "W marcu 1932 r. dziennikarze odkryli, że na czele pedofilskiej szajki w Wielkopolsce stoi znany działacz endecji."
"pl_POL_newsweek_int" "2017-07-12 10:14:00" "Nie żyje Lech Morawski, sędzia Trybunału Konstytucyjnego" "Lech Morawski zmarł w nocy z wtorku na środę. Prawnik, od kilku miesięcy sędzia Trybunału Konstytucyjnego a także były wykładowca na Uniwersytecie im. Mikołaja Kopernika w Toruniu. Profesor Lech Morawski był także członkiem licznych towarzystw naukowych zarówno w Polsce jak i za granicą. Miał 68 lat."
"pl_POL_newsweek_int" "2017-07-12 09:25:00" "Zobacz, która piosenka zdetronizowała „Gangnam Style” na YouTubie" "„See you again” w wykonaniu Wiza Khalify i Charlie'go Putha najczęściej oglądanym filmem na YouTube."
"pl_POL_newsweek_int" "2017-07-12 09:00:00" "Długie kolorowe i modne. Wielki powrót skarpet" "Na stopach modeli spacerujących po wybiegu Prady i nad kostką Justina Trudeau. Kolorowe skarpety wracają do łask."
"pl_POL_newsweek_int" "2017-07-12 08:30:00" "Unikaj samotności! Miłość i przyjaźń uśmierzają ból" "Łagodzą stres i poprawiają nastrój, a teraz dowiedziono, że miłość i przyjaźń także uśmierzają ból. I to dosłownie."
"pl_POL_newsweek_int" "2017-07-12 08:00:00" "Podczas miesięcznic smoleńskich Kaczyński kłamie w żywe oczy [UDOWADNIAMY]" "Emocjonalne przemowy prezesa PiS są złożone z bzdur, półprawd i pomówień."
"pl_POL_newsweek_int" "2017-07-12 07:30:00" "„Dla Amerykanów nie jesteśmy zbyt ważni”, czyli smutna prawda o wizycie Trumpa" "Propaganda sukcesu po wizycie prezydenta Stanów Zjednoczonych w Polsce nie ma wiele wspólnego z polityczną rzeczywistością."
"pl_POL_newsweek_int" "2017-07-12 07:00:00" "Reprywatyzacja. Patryk Jaki przecenia swoje zasługi" "W sprawie kamienicy przy Twardej wiceminister Patryk Jaki ma rację. Ale jednocześnie wywarza otwarte drzwi."
"pl_POL_newsweek_int" "2017-07-11 22:19:00" "Nie miała nawet 15 lat, gdy brutalnie zgwałcili ją koledzy. Dziś dostała odszkodowanie" "10 lat koledzy ze szkoły brutalnie ją zgwałcili. Sądy potraktowały gwałcicieli wyjątkowo łagodnie. Teraz udało jej się wywalczyć 250 tys. zł zadośćuczynienia. W sprawę zaangażowała się Helsińska Fundacja Praw Człowieka."
"pl_POL_newsweek_int" "2017-07-11 21:20:00" "Niech „się przeniosą do Lasu Kabackiego”. Błaszczak o opozycji" "Obozowi rządzącemu najwyraźniej bardzo doskwierają kontrmanifestacje smoleńskie."
"pl_POL_newsweek_int" "2017-07-11 20:04:00" "Polacy krytycznie oceniają pracę posłów" "Sondaż CBOS: Ponad połowa Polaków wyraża niezadowolenie z pracy parlamentarzystów. Pozytywnie ocenia ich jedynie 29 proc."
"pl_POL_newsweek_int" "2017-07-11 19:00:00" "Obywatele RP uczą się na błędach KOD. Rozliczają każdą złotówkę" "„Miesiąc temu, gdy zaczynaliśmy zbiórkę, to obiecaliśmy, że będziemy się rozliczać i publikować sprawozdania finansowe. Dziś jest pierwsze takie rozliczenie.”"
"pl_POL_newsweek_int" "2017-07-11 17:20:00" "Dziennikarz wyrzucony z Polskiego Radia. Wystarczyły dwa trudne pytania do Szydło" "Prowadzący „Sygnały dnia” w radiowej Jedynce Wojciech Dąbrowski zapłacił za dociekliwość?"
"pl_POL_newsweek_int" "2017-07-11 17:20:00" "Wiceszef MON współpracował z prorosyjskimi nacjonalistami?" "Tak twierdzi niemiecki dziennik."
"pl_POL_newsweek_int" "2017-07-11 14:20:00" "Porady turystyczne" "Zatrzymajcie się z rodziną w hotelu Czynu Narodowego, na Lecha Kaczyńskiego przy rogu Ofiar Smoleńska."
"pl_POL_newsweek_int" "2017-07-11 13:59:00" "Zbiorowy gwałt, próba samobójcza, bieda. Historia skrzywdzonej w Gdyni Mołdawianki poruszyła Polskę" "Swietłana nie ma wielu powodów, by dobrze wspominać Polskę. Pod pretekstem pracy sprzątaczki została uwięziona w gdyńskim mieszkaniu i przez całą noc gwałcona przez dwóch mężczyzn. Rano wyskoczyła z okna. Jest w bardzo ciężkim stanie. Historia Mołdawianki poruszyła Polaków, którzy zbierają teraz na jej leczenie."
"pl_POL_newsweek_int" "2017-07-11 11:35:00" "Oszust wyłudził ponad 500 tys. złotych, zbierając na leczenie nieistniejącego chłopca" "Historia fikcyjnego Antosia, na którego leczenie 100 tys. złotych przekazali Lewandowscy, pokazuje jak mało trzeba, żeby zniszczyć tak wiele."
"pl_POL_newsweek_int" "2017-07-11 11:30:00" "Miesięcznica od środka: „My się modlimy, a za barierkami są szaleńcy”" "Procesja w miesięcznicę smoleńską idzie jak w tunelu. Skupiona na sobie. Świat zewnętrzny odległy. Składa się z ludzi za barierkami."
"pl_POL_newsweek_int" "2017-07-11 11:00:00" "Trochę poczekamy. Macierewicz oznajmił, kiedy Patrioty trafią do Polski" "- Będziemy mieli do czynienia z najnowocześniejszą wersją rakiet Patriot - dodał z dumą szef MON. Sęk w tym, że ta jeszcze nie istnieje."
"pl_POL_newsweek_int" "2017-07-11 10:24:00" "Ostatni świadek Rzezi Wołyńskiej" "Wszystko zaczęło się od Parośli. Przyszli nad ranem. Najpierw wszystkich związali, a potem miarowo zaczęli mordować. Jedno uderzenie siekierą, jedna śmierć. Mężczyzna, kobieta, dziecko..."
"pl_POL_newsweek_int" "2017-07-11 09:09:00" "Dlaczego Obywatele RP wygrali konfrontację na Krakowskim Przedmieściu?" "Obywatelom RP udało się zorganizować protest a jednocześnie uniknąć udziału w rytuale polsko-polskiej nienawiści."
"pl_POL_newsweek_int" "2017-07-11 08:36:00" "Królewna Ivanka na szczycie" "Przeciwnicy Donalda Trumpa krytykują jego córkę za zajęcie miejsca pośród głów państw na szczycie G-20. „To dziwaczne” – komentują. Może było to niewłaściwe z dyplomatycznego punktu widzenia, ale prawdziwym problemem są międzynarodowe interesy Ivanki i konflikt interesów, w który zabrnęli także jej ojciec i bracia."
"pl_POL_newsweek_int" "2017-07-11 08:30:00" "Starzy i bezbronni. Opieka nad seniorami jest w Polsce na żenującym poziomie" "Przychodzi wnuczek z dziadkiem do psychiatry i mówi: proszę zobaczyć, dziadek ma kompletnego fioła. Trzeba go ubezwłasnowolnić. Bo zrobi sobie krzywdę."
"pl_POL_newsweek_int" "2017-07-11 08:09:00" "Zakłócenie aktu religijnego. Za co policja karze przeciwników miesięcznicy?" "Po poniedziałkowych manifestacjach policja skieruje do sądu 44 wnioski o ukaranie w związku z wykroczeniami."
"pl_POL_newsweek_int" "2017-07-11 08:00:00" "Zaciągnął psa do lasu i poderżnął mu gardło. Oprawcy zwierząt wciąż najczęściej bezkarni" "Ramzes miał 14 lat. Dariusz K., właściciel psa zaciągnął zwierzę do piwnicy, włożył mu na głowę worek, próbował zarąbać go siekierą. Obrońców zwierząt zaalarmowali sąsiedzi. Na skwerku przed domem mężczyzny w Oświęcimiu dostrzegli na początku lipca wystającą z ziemi głowę Ramzesa. Gdy wyjęto z ziemi zwłoki psa z pyska wylała się krew."
"pl_POL_newsweek_int" "2017-07-11 07:31:00" "„Pokój Rozkoszy” – największy skandal obyczajowy w dziejach Wielkopolski" "W marcu 1932 r. dziennikarze odkryli, że na czele pedofilskiej szajki w Wielkopolsce stoi znany działacz endecji."
"pl_POL_newsweek_int" "2017-07-13 12:30:00" "„Korona królów” – nowy serial TVP, czyli „Kiepscy” trafili do „Gry o Tron”" "– „Korona królów” to pierwsza wielka produkcja TVP od ponad 30 lat – chwali się Jacek Kurski, ale na razie nic tego nie zapowiada."
"pl_POL_newsweek_int" "2017-07-13 12:15:00" "„To będzie atrapa demokracji”" "Nocą, po cichu, w Sejmie jest dokonywana zmiana ustroju Polski – mówi poseł Arkadiusz Myrcha."
"pl_POL_newsweek_int" "2017-07-13 12:00:00" "Czy to koniec demokracji? Nocny projekt PiS" "Prawo i Sprawiedliwość wyjątkowo brutalnie zabiera się za Sąd Najwyższy. O wszystkim decydować będzie minister Ziobro. Co to oznacza?"
"pl_POL_newsweek_int" "2017-07-13 11:25:00" "„Demokracja umiera w ciemnościach”. Jak hasło waszyngtońskiego dziennika pasuje do Polski" "Powstałe po zwycięstwie Donalda Trumpa motto dziennika „The Washington Post” idealnie pasuje do sytuacji w Polsce."
"pl_POL_newsweek_int" "2017-07-13 08:30:00" "Lot, którego nie było. Tadeusz Kuziora mógł zastąpić Hermaszewskiego" "Miał szansę polecieć w kosmos, ale start rakiety Sojuz 30 oglądał z ziemi. Teraz miał okazję przeżyć ten lot dzięki okularom VR."
"pl_POL_newsweek_int" "2017-07-13 07:30:00" "Pij kawę, a będziesz zdrowszy!" "To wniosek z dwóch ogromnych badań, które objęły ponad pół miliona mieszkańców dziesięciu krajów Europy i USA."
"pl_POL_newsweek_int" "2017-07-13 07:00:00" "Ksiądz ministra Szyszki. Boi się go nawet biskup" "Ksiądz Tomasz Duszkiewicz gdy zechce, bez kłopotu wyrzuci kolegów z myślistwa. Gdy zechce, zbuduje, co chce, bez pozwolenia w środku Białowieży. Nie boi się biskupa. Księdza Trotyla obawiają się za to myśliwi z Podlasia, którzy stanęli mu na drodze."
"pl_POL_newsweek_int" "2017-07-13 06:30:00" "„Weto to nadepnięcie Kaczyńskiemu na odcisk”" "Nie ma mowy o niezależności Andrzeja Dudy. – Kaczyński ma Dudę w garści, bo to on podpisuje czek – mówi politolog dr Tomasz Słupik."
"pl_POL_newsweek_int" "2017-07-12 20:29:00" "Problem z następcą sędziego Morawskiego. Czy PiS złamie prawo?" "Śmierć sędziego Lecha Morawskiego stanowi dla PiS-u poważny kłopot."
"pl_POL_newsweek_int" "2017-07-12 20:10:00" "Prezydent przeciw PiS. Zawetował ustawę uderzającą w samorządy" "Regionalne Izby Obrachunkowe pozostaną niezależne."
"pl_POL_newsweek_int" "2017-07-12 18:30:00" "Masakra w Srebrenicy, czyli niezabliźnione rany" "22 lata temu pod okiem i za zgodą międzynarodowej społeczności, Serbowie zamordowali około ośmiu tysięcy muzułmanów"
"pl_POL_newsweek_int" "2017-07-12 17:54:00" "Samochód roku zjechał właśnie z taśm produkcyjnych" "W kolejce po swój egzemplarz czeka już 400 tysięcy klientów."
"pl_POL_newsweek_int" "2017-07-12 17:00:00" "Koniec trójpodziału władzy w Polsce?" "Sejm głosami PiS uchwalił nowelizację ustawy o Krajowej Radzie Sądownictwa."
"pl_POL_newsweek_int" "2017-07-12 16:36:00" "„Do tej pory za mało się angażowałam”" "Kim są ludzie, którzy protestują na miesięcznicach?"
"pl_POL_newsweek_int" "2017-07-12 15:33:00" "Nawet poseł PiS apeluje o odrzucenie opłaty paliwowej. Wytacza ciężkie działa" "Pomysł wprowadzenia nowej opłaty ostro skrytykowała opozycja. Ale wściekli byli nawet posłowie PiS."
"pl_POL_newsweek_int" "2017-07-12 15:15:00" "Polska pod wodą. 20 lat temu powódź tysiąclecia dotarła do Wrocławia" "Z powodzią walczyli mieszkańcy, żołnierze, organizacje pomocowa. Zobacz, jak to wyglądało!"
"pl_POL_newsweek_int" "2017-07-12 15:03:00" "Quentin Tarantino nakręci film o zabójstwie żony Romana Polańskiego Sharon Tate" "Tarantino zapowiedział pracę nad filmem o zbrodni z 1969 roku. Zdjęcia powinny rozpocząć się jeszcze w tym roku."
"pl_POL_newsweek_int" "2017-07-12 14:10:00" "Plażowa moda na przestrzeni lat" "Będąc na plaży, mamy okazję spotkać prawdziwy pokaz mody. Jednoczęściowe, bikini, tankini oraz wiele innych kombinacji."
"pl_POL_newsweek_int" "2017-07-12 14:10:00" "Sport i zdrowe odżywianie latem" "Ciepłe słoneczne dni dostarczają nam witaminy D, a tym samym więcej siły i energii do podjęcia nowych wyzwań."
"pl_POL_newsweek_int" "2017-07-12 14:10:00" "Wypożyczenie auta – o tym należy pamiętać" "Jak wybrać auto, które będzie dla nas najbardziej odpowiednie podczas urlopu?"
"pl_POL_newsweek_int" "2017-07-12 14:10:00" "Jak pozbyć się cellulitu? 5 sposobów" "Cellulit – innymi słowy skórka pomarańczowa, to problem, który dotyka niemal każdej kobiety."
"pl_POL_newsweek_int" "2017-07-12 14:10:00" "Sportowe buty, które warto kupić na wyprzedażach" "Początek lata to gorący okres wyprzedaży, podczas których można nabyć wiele markowych produktów w niskich cenach."
"pl_POL_newsweek_int" "2017-07-12 14:10:00" "Nie żyje Lech Morawski, sędzia Trybunału Konstytucyjnego" "Sędzią TK był od kilku miesięcy."
"pl_POL_newsweek_int" "2017-07-12 10:45:00" "Do Funduszu Kościelnego trafiła w ostatnim roku rekordowa kwota. Wszystko z naszych podatków" "Zaledwie pięć lat temu na ten cel przeznaczono 45 milionów złotych mniej."
"pl_POL_newsweek_int" "2017-07-12 09:25:00" "Zobacz, która piosenka zdetronizowała „Gangnam Style” na YouTubie" "Przebój południowokoreańskiego wokalisty Psy nie jest już rekordzistą. Wysłuchaj piosenki, która go wyprzedziła."
"pl_POL_newsweek_int" "2017-07-13 12:30:00" "„Korona królów” – nowy serial TVP, czyli „Kiepscy” trafili do „Gry o Tron”" "– „Korona królów” to pierwsza wielka produkcja TVP od ponad 30 lat – chwali się Jacek Kurski, ale na razie nic tego nie zapowiada."
"pl_POL_newsweek_int" "2017-07-13 12:15:00" "„To będzie atrapa demokracji”" "Nocą, po cichu, w Sejmie jest dokonywana zmiana ustroju Polski – mówi poseł Arkadiusz Myrcha."
"pl_POL_newsweek_int" "2017-07-13 12:00:00" "Czy to koniec demokracji? Nocny projekt PiS" "Prawo i Sprawiedliwość wyjątkowo brutalnie zabiera się za Sąd Najwyższy. O wszystkim decydować będzie minister Ziobro. Co to oznacza?"
"pl_POL_newsweek_int" "2017-07-13 11:25:00" "„Demokracja umiera w ciemnościach”. Jak hasło waszyngtońskiego dziennika pasuje do Polski" "Powstałe po zwycięstwie Donalda Trumpa motto dziennika „The Washington Post” idealnie pasuje do sytuacji w Polsce."
"pl_POL_newsweek_int" "2017-07-13 08:30:00" "Lot, którego nie było. Tadeusz Kuziora mógł zastąpić Hermaszewskiego" "Miał szansę polecieć w kosmos, ale start rakiety Sojuz 30 oglądał z ziemi. Teraz miał okazję przeżyć ten lot dzięki okularom VR."
"pl_POL_newsweek_int" "2017-07-13 07:30:00" "Pij kawę, a będziesz zdrowszy!" "To wniosek z dwóch ogromnych badań, które objęły ponad pół miliona mieszkańców dziesięciu krajów Europy i USA."
"pl_POL_newsweek_int" "2017-07-13 07:00:00" "Ksiądz ministra Szyszki. Boi się go nawet biskup" "Ksiądz Tomasz Duszkiewicz gdy zechce, bez kłopotu wyrzuci kolegów z myślistwa. Gdy zechce, zbuduje, co chce, bez pozwolenia w środku Białowieży. Nie boi się biskupa. Księdza Trotyla obawiają się za to myśliwi z Podlasia, którzy stanęli mu na drodze."
"pl_POL_newsweek_int" "2017-07-13 06:30:00" "„Weto to nadepnięcie Kaczyńskiemu na odcisk”" "Nie ma mowy o niezależności Andrzeja Dudy. – Kaczyński ma Dudę w garści, bo to on podpisuje czek – mówi politolog dr Tomasz Słupik."
"pl_POL_newsweek_int" "2017-07-12 20:29:00" "Problem z następcą sędziego Morawskiego. Czy PiS złamie prawo?" "Śmierć sędziego Lecha Morawskiego stanowi dla PiS-u poważny kłopot."
"pl_POL_newsweek_int" "2017-07-12 20:10:00" "Prezydent przeciw PiS. Zawetował ustawę uderzającą w samorządy" "Regionalne Izby Obrachunkowe pozostaną niezależne."
"pl_POL_newsweek_int" "2017-07-12 18:30:00" "Masakra w Srebrenicy, czyli niezabliźnione rany" "22 lata temu pod okiem i za zgodą międzynarodowej społeczności, Serbowie zamordowali około ośmiu tysięcy muzułmanów"
"pl_POL_newsweek_int" "2017-07-12 17:54:00" "Samochód roku zjechał właśnie z taśm produkcyjnych" "W kolejce po swój egzemplarz czeka już 400 tysięcy klientów."
"pl_POL_newsweek_int" "2017-07-12 17:00:00" "Koniec trójpodziału władzy w Polsce?" "Sejm głosami PiS uchwalił nowelizację ustawy o Krajowej Radzie Sądownictwa."
"pl_POL_newsweek_int" "2017-07-12 16:36:00" "„Do tej pory za mało się angażowałam”" "Kim są ludzie, którzy protestują na miesięcznicach?"
"pl_POL_newsweek_int" "2017-07-12 15:33:00" "Nawet poseł PiS apeluje o odrzucenie opłaty paliwowej. Wytacza ciężkie działa" "Pomysł wprowadzenia nowej opłaty ostro skrytykowała opozycja. Ale wściekli byli nawet posłowie PiS."
"pl_POL_newsweek_int" "2017-07-12 15:15:00" "Polska pod wodą. 20 lat temu powódź tysiąclecia dotarła do Wrocławia" "Z powodzią walczyli mieszkańcy, żołnierze, organizacje pomocowa. Zobacz, jak to wyglądało!"
"pl_POL_newsweek_int" "2017-07-12 15:03:00" "Quentin Tarantino nakręci film o zabójstwie żony Romana Polańskiego Sharon Tate" "Tarantino zapowiedział pracę nad filmem o zbrodni z 1969 roku. Zdjęcia powinny rozpocząć się jeszcze w tym roku."
"pl_POL_newsweek_int" "2017-07-12 14:10:00" "Plażowa moda na przestrzeni lat" "Będąc na plaży, mamy okazję spotkać prawdziwy pokaz mody. Jednoczęściowe, bikini, tankini oraz wiele innych kombinacji."
"pl_POL_newsweek_int" "2017-07-12 14:10:00" "Sport i zdrowe odżywianie latem" "Ciepłe słoneczne dni dostarczają nam witaminy D, a tym samym więcej siły i energii do podjęcia nowych wyzwań."
"pl_POL_newsweek_int" "2017-07-12 14:10:00" "Wypożyczenie auta – o tym należy pamiętać" "Jak wybrać auto, które będzie dla nas najbardziej odpowiednie podczas urlopu?"
"pl_POL_newsweek_int" "2017-07-12 14:10:00" "Jak pozbyć się cellulitu? 5 sposobów" "Cellulit – innymi słowy skórka pomarańczowa, to problem, który dotyka niemal każdej kobiety."
"pl_POL_newsweek_int" "2017-07-12 14:10:00" "Sportowe buty, które warto kupić na wyprzedażach" "Początek lata to gorący okres wyprzedaży, podczas których można nabyć wiele markowych produktów w niskich cenach."
"pl_POL_newsweek_int" "2017-07-12 14:10:00" "Nie żyje Lech Morawski, sędzia Trybunału Konstytucyjnego" "Sędzią TK był od kilku miesięcy."
"pl_POL_newsweek_int" "2017-07-12 10:45:00" "Do Funduszu Kościelnego trafiła w ostatnim roku rekordowa kwota. Wszystko z naszych podatków" "Zaledwie pięć lat temu na ten cel przeznaczono 45 milionów złotych mniej."
"pl_POL_newsweek_int" "2017-07-12 09:25:00" "Zobacz, która piosenka zdetronizowała „Gangnam Style” na YouTubie" "Przebój południowokoreańskiego wokalisty Psy nie jest już rekordzistą. Wysłuchaj piosenki, która go wyprzedziła."
"pl_POL_newsweek_int" "2017-07-13 12:30:00" "„Korona królów” – nowy serial TVP, czyli „Kiepscy” trafili do „Gry o Tron”" "– „Korona królów” to pierwsza wielka produkcja TVP od ponad 30 lat – chwali się Jacek Kurski, ale na razie nic tego nie zapowiada."
"pl_POL_newsweek_int" "2017-07-13 12:15:00" "„To będzie atrapa demokracji”" "Nocą, po cichu, w Sejmie jest dokonywana zmiana ustroju Polski – mówi poseł Arkadiusz Myrcha."
"pl_POL_newsweek_int" "2017-07-13 12:00:00" "Czy to koniec demokracji? Nocny projekt PiS" "Prawo i Sprawiedliwość wyjątkowo brutalnie zabiera się za Sąd Najwyższy. O wszystkim decydować będzie minister Ziobro. Co to oznacza?"
"pl_POL_newsweek_int" "2017-07-13 11:25:00" "„Demokracja umiera w ciemnościach”. Jak hasło waszyngtońskiego dziennika pasuje do Polski" "Powstałe po zwycięstwie Donalda Trumpa motto dziennika „The Washington Post” idealnie pasuje do sytuacji w Polsce."
"pl_POL_newsweek_int" "2017-07-13 08:30:00" "Lot, którego nie było. Tadeusz Kuziora mógł zastąpić Hermaszewskiego" "Miał szansę polecieć w kosmos, ale start rakiety Sojuz 30 oglądał z ziemi. Teraz miał okazję przeżyć ten lot dzięki okularom VR."
"pl_POL_newsweek_int" "2017-07-13 07:30:00" "Pij kawę, a będziesz zdrowszy!" "To wniosek z dwóch ogromnych badań, które objęły ponad pół miliona mieszkańców dziesięciu krajów Europy i USA."
"pl_POL_newsweek_int" "2017-07-13 07:00:00" "Ksiądz ministra Szyszki. Boi się go nawet biskup" "Ksiądz Tomasz Duszkiewicz gdy zechce, bez kłopotu wyrzuci kolegów z myślistwa. Gdy zechce, zbuduje, co chce, bez pozwolenia w środku Białowieży. Nie boi się biskupa. Księdza Trotyla obawiają się za to myśliwi z Podlasia, którzy stanęli mu na drodze."
"pl_POL_newsweek_int" "2017-07-13 06:30:00" "„Weto to nadepnięcie Kaczyńskiemu na odcisk”" "Nie ma mowy o niezależności Andrzeja Dudy. – Kaczyński ma Dudę w garści, bo to on podpisuje czek – mówi politolog dr Tomasz Słupik."
"pl_POL_newsweek_int" "2017-07-12 20:29:00" "Problem z następcą sędziego Morawskiego. Czy PiS złamie prawo?" "Śmierć sędziego Lecha Morawskiego stanowi dla PiS-u poważny kłopot."
"pl_POL_newsweek_int" "2017-07-12 20:10:00" "Prezydent przeciw PiS. Zawetował ustawę uderzającą w samorządy" "Regionalne Izby Obrachunkowe pozostaną niezależne."
"pl_POL_newsweek_int" "2017-07-12 18:30:00" "Masakra w Srebrenicy, czyli niezabliźnione rany" "22 lata temu pod okiem i za zgodą międzynarodowej społeczności, Serbowie zamordowali około ośmiu tysięcy muzułmanów"
"pl_POL_newsweek_int" "2017-07-12 17:54:00" "Samochód roku zjechał właśnie z taśm produkcyjnych" "W kolejce po swój egzemplarz czeka już 400 tysięcy klientów."
"pl_POL_newsweek_int" "2017-07-12 17:00:00" "Koniec trójpodziału władzy w Polsce?" "Sejm głosami PiS uchwalił nowelizację ustawy o Krajowej Radzie Sądownictwa."
"pl_POL_newsweek_int" "2017-07-12 16:36:00" "„Do tej pory za mało się angażowałam”" "Kim są ludzie, którzy protestują na miesięcznicach?"
"pl_POL_newsweek_int" "2017-07-12 15:33:00" "Nawet poseł PiS apeluje o odrzucenie opłaty paliwowej. Wytacza ciężkie działa" "Pomysł wprowadzenia nowej opłaty ostro skrytykowała opozycja. Ale wściekli byli nawet posłowie PiS."
"pl_POL_newsweek_int" "2017-07-12 15:15:00" "Polska pod wodą. 20 lat temu powódź tysiąclecia dotarła do Wrocławia" "Z powodzią walczyli mieszkańcy, żołnierze, organizacje pomocowa. Zobacz, jak to wyglądało!"
"pl_POL_newsweek_int" "2017-07-12 15:03:00" "Quentin Tarantino nakręci film o zabójstwie żony Romana Polańskiego Sharon Tate" "Tarantino zapowiedział pracę nad filmem o zbrodni z 1969 roku. Zdjęcia powinny rozpocząć się jeszcze w tym roku."
"pl_POL_newsweek_int" "2017-07-12 14:10:00" "Plażowa moda na przestrzeni lat" "Będąc na plaży, mamy okazję spotkać prawdziwy pokaz mody. Jednoczęściowe, bikini, tankini oraz wiele innych kombinacji."
"pl_POL_newsweek_int" "2017-07-12 14:10:00" "Sport i zdrowe odżywianie latem" "Ciepłe słoneczne dni dostarczają nam witaminy D, a tym samym więcej siły i energii do podjęcia nowych wyzwań."
"pl_POL_newsweek_int" "2017-07-12 14:10:00" "Wypożyczenie auta – o tym należy pamiętać" "Jak wybrać auto, które będzie dla nas najbardziej odpowiednie podczas urlopu?"
"pl_POL_newsweek_int" "2017-07-12 14:10:00" "Jak pozbyć się cellulitu? 5 sposobów" "Cellulit – innymi słowy skórka pomarańczowa, to problem, który dotyka niemal każdej kobiety."
"pl_POL_newsweek_int" "2017-07-12 14:10:00" "Sportowe buty, które warto kupić na wyprzedażach" "Początek lata to gorący okres wyprzedaży, podczas których można nabyć wiele markowych produktów w niskich cenach."
"pl_POL_newsweek_int" "2017-07-12 14:10:00" "Nie żyje Lech Morawski, sędzia Trybunału Konstytucyjnego" "Sędzią TK był od kilku miesięcy."
"pl_POL_newsweek_int" "2017-07-12 10:45:00" "Do Funduszu Kościelnego trafiła w ostatnim roku rekordowa kwota. Wszystko z naszych podatków" "Zaledwie pięć lat temu na ten cel przeznaczono 45 milionów złotych mniej."
"pl_POL_newsweek_int" "2017-07-12 09:25:00" "Zobacz, która piosenka zdetronizowała „Gangnam Style” na YouTubie" "Przebój południowokoreańskiego wokalisty Psy nie jest już rekordzistą. Wysłuchaj piosenki, która go wyprzedziła."
"pl_POL_newsweek_int" "2017-07-13 12:30:00" "„Korona królów” – nowy serial TVP, czyli „Kiepscy” trafili do „Gry o Tron”" "– „Korona królów” to pierwsza wielka produkcja TVP od ponad 30 lat – chwali się Jacek Kurski, ale na razie nic tego nie zapowiada."
"pl_POL_newsweek_int" "2017-07-13 12:15:00" "„To będzie atrapa demokracji”" "Nocą, po cichu, w Sejmie jest dokonywana zmiana ustroju Polski – mówi poseł Arkadiusz Myrcha."
"pl_POL_newsweek_int" "2017-07-13 12:00:00" "Czy to koniec demokracji? Nocny projekt PiS" "Prawo i Sprawiedliwość wyjątkowo brutalnie zabiera się za Sąd Najwyższy. O wszystkim decydować będzie minister Ziobro. Co to oznacza?"
"pl_POL_newsweek_int" "2017-07-13 11:25:00" "„Demokracja umiera w ciemnościach”. Jak hasło waszyngtońskiego dziennika pasuje do Polski" "Powstałe po zwycięstwie Donalda Trumpa motto dziennika „The Washington Post” idealnie pasuje do sytuacji w Polsce."
"pl_POL_newsweek_int" "2017-07-13 08:30:00" "Lot, którego nie było. Tadeusz Kuziora mógł zastąpić Hermaszewskiego" "Miał szansę polecieć w kosmos, ale start rakiety Sojuz 30 oglądał z ziemi. Teraz miał okazję przeżyć ten lot dzięki okularom VR."
"pl_POL_newsweek_int" "2017-07-13 07:30:00" "Pij kawę, a będziesz zdrowszy!" "To wniosek z dwóch ogromnych badań, które objęły ponad pół miliona mieszkańców dziesięciu krajów Europy i USA."
"pl_POL_newsweek_int" "2017-07-13 07:00:00" "Ksiądz ministra Szyszki. Boi się go nawet biskup" "Ksiądz Tomasz Duszkiewicz gdy zechce, bez kłopotu wyrzuci kolegów z myślistwa. Gdy zechce, zbuduje, co chce, bez pozwolenia w środku Białowieży. Nie boi się biskupa. Księdza Trotyla obawiają się za to myśliwi z Podlasia, którzy stanęli mu na drodze."
"pl_POL_newsweek_int" "2017-07-13 06:30:00" "„Weto to nadepnięcie Kaczyńskiemu na odcisk”" "Nie ma mowy o niezależności Andrzeja Dudy. – Kaczyński ma Dudę w garści, bo to on podpisuje czek – mówi politolog dr Tomasz Słupik."
"pl_POL_newsweek_int" "2017-07-12 20:29:00" "Problem z następcą sędziego Morawskiego. Czy PiS złamie prawo?" "Śmierć sędziego Lecha Morawskiego stanowi dla PiS-u poważny kłopot."
"pl_POL_newsweek_int" "2017-07-12 20:10:00" "Prezydent przeciw PiS. Zawetował ustawę uderzającą w samorządy" "Regionalne Izby Obrachunkowe pozostaną niezależne."
"pl_POL_newsweek_int" "2017-07-12 18:30:00" "Masakra w Srebrenicy, czyli niezabliźnione rany" "22 lata temu pod okiem i za zgodą międzynarodowej społeczności, Serbowie zamordowali około ośmiu tysięcy muzułmanów"
"pl_POL_newsweek_int" "2017-07-12 17:54:00" "Samochód roku zjechał właśnie z taśm produkcyjnych" "W kolejce po swój egzemplarz czeka już 400 tysięcy klientów."
"pl_POL_newsweek_int" "2017-07-12 17:00:00" "Koniec trójpodziału władzy w Polsce?" "Sejm głosami PiS uchwalił nowelizację ustawy o Krajowej Radzie Sądownictwa."
"pl_POL_newsweek_int" "2017-07-12 16:36:00" "„Do tej pory za mało się angażowałam”" "Kim są ludzie, którzy protestują na miesięcznicach?"
"pl_POL_newsweek_int" "2017-07-12 15:33:00" "Nawet poseł PiS apeluje o odrzucenie opłaty paliwowej. Wytacza ciężkie działa" "Pomysł wprowadzenia nowej opłaty ostro skrytykowała opozycja. Ale wściekli byli nawet posłowie PiS."
"pl_POL_newsweek_int" "2017-07-12 15:15:00" "Polska pod wodą. 20 lat temu powódź tysiąclecia dotarła do Wrocławia" "Z powodzią walczyli mieszkańcy, żołnierze, organizacje pomocowa. Zobacz, jak to wyglądało!"
"pl_POL_newsweek_int" "2017-07-12 15:03:00" "Quentin Tarantino nakręci film o zabójstwie żony Romana Polańskiego Sharon Tate" "Tarantino zapowiedział pracę nad filmem o zbrodni z 1969 roku. Zdjęcia powinny rozpocząć się jeszcze w tym roku."
"pl_POL_newsweek_int" "2017-07-12 14:10:00" "Plażowa moda na przestrzeni lat" "Będąc na plaży, mamy okazję spotkać prawdziwy pokaz mody. Jednoczęściowe, bikini, tankini oraz wiele innych kombinacji."
"pl_POL_newsweek_int" "2017-07-12 14:10:00" "Sport i zdrowe odżywianie latem" "Ciepłe słoneczne dni dostarczają nam witaminy D, a tym samym więcej siły i energii do podjęcia nowych wyzwań."
"pl_POL_newsweek_int" "2017-07-12 14:10:00" "Wypożyczenie auta – o tym należy pamiętać" "Jak wybrać auto, które będzie dla nas najbardziej odpowiednie podczas urlopu?"
"pl_POL_newsweek_int" "2017-07-12 14:10:00" "Jak pozbyć się cellulitu? 5 sposobów" "Cellulit – innymi słowy skórka pomarańczowa, to problem, który dotyka niemal każdej kobiety."
"pl_POL_newsweek_int" "2017-07-12 14:10:00" "Sportowe buty, które warto kupić na wyprzedażach" "Początek lata to gorący okres wyprzedaży, podczas których można nabyć wiele markowych produktów w niskich cenach."
"pl_POL_newsweek_int" "2017-07-12 14:10:00" "Nie żyje Lech Morawski, sędzia Trybunału Konstytucyjnego" "Sędzią TK był od kilku miesięcy."
"pl_POL_newsweek_int" "2017-07-12 10:45:00" "Do Funduszu Kościelnego trafiła w ostatnim roku rekordowa kwota. Wszystko z naszych podatków" "Zaledwie pięć lat temu na ten cel przeznaczono 45 milionów złotych mniej."
"pl_POL_newsweek_int" "2017-07-12 09:25:00" "Zobacz, która piosenka zdetronizowała „Gangnam Style” na YouTubie" "Przebój południowokoreańskiego wokalisty Psy nie jest już rekordzistą. Wysłuchaj piosenki, która go wyprzedziła."
"pl_POL_newsweek_int" "2017-07-13 12:30:00" "„Korona królów” – nowy serial TVP, czyli „Kiepscy” trafili do „Gry o Tron”" "– „Korona królów” to pierwsza wielka produkcja TVP od ponad 30 lat – chwali się Jacek Kurski, ale na razie nic tego nie zapowiada."
"pl_POL_newsweek_int" "2017-07-13 12:15:00" "„To będzie atrapa demokracji”" "Nocą, po cichu, w Sejmie jest dokonywana zmiana ustroju Polski – mówi poseł Arkadiusz Myrcha."
"pl_POL_newsweek_int" "2017-07-13 12:00:00" "Czy to koniec demokracji? Nocny projekt PiS" "Prawo i Sprawiedliwość wyjątkowo brutalnie zabiera się za Sąd Najwyższy. O wszystkim decydować będzie minister Ziobro. Co to oznacza?"
"pl_POL_newsweek_int" "2017-07-13 11:25:00" "„Demokracja umiera w ciemnościach”. Jak hasło waszyngtońskiego dziennika pasuje do Polski" "Powstałe po zwycięstwie Donalda Trumpa motto dziennika „The Washington Post” idealnie pasuje do sytuacji w Polsce."
"pl_POL_newsweek_int" "2017-07-13 08:30:00" "Lot, którego nie było. Tadeusz Kuziora mógł zastąpić Hermaszewskiego" "Miał szansę polecieć w kosmos, ale start rakiety Sojuz 30 oglądał z ziemi. Teraz miał okazję przeżyć ten lot dzięki okularom VR."
"pl_POL_newsweek_int" "2017-07-13 07:30:00" "Pij kawę, a będziesz zdrowszy!" "To wniosek z dwóch ogromnych badań, które objęły ponad pół miliona mieszkańców dziesięciu krajów Europy i USA."
"pl_POL_newsweek_int" "2017-07-13 07:00:00" "Ksiądz ministra Szyszki. Boi się go nawet biskup" "Ksiądz Tomasz Duszkiewicz gdy zechce, bez kłopotu wyrzuci kolegów z myślistwa. Gdy zechce, zbuduje, co chce, bez pozwolenia w środku Białowieży. Nie boi się biskupa. Księdza Trotyla obawiają się za to myśliwi z Podlasia, którzy stanęli mu na drodze."
"pl_POL_newsweek_int" "2017-07-13 06:30:00" "„Weto to nadepnięcie Kaczyńskiemu na odcisk”" "Nie ma mowy o niezależności Andrzeja Dudy. – Kaczyński ma Dudę w garści, bo to on podpisuje czek – mówi politolog dr Tomasz Słupik."
"pl_POL_newsweek_int" "2017-07-12 20:29:00" "Problem z następcą sędziego Morawskiego. Czy PiS złamie prawo?" "Śmierć sędziego Lecha Morawskiego stanowi dla PiS-u poważny kłopot."
"pl_POL_newsweek_int" "2017-07-12 20:10:00" "Prezydent przeciw PiS. Zawetował ustawę uderzającą w samorządy" "Regionalne Izby Obrachunkowe pozostaną niezależne."
"pl_POL_newsweek_int" "2017-07-12 18:30:00" "Masakra w Srebrenicy, czyli niezabliźnione rany" "22 lata temu pod okiem i za zgodą międzynarodowej społeczności, Serbowie zamordowali około ośmiu tysięcy muzułmanów"
"pl_POL_newsweek_int" "2017-07-12 17:54:00" "Samochód roku zjechał właśnie z taśm produkcyjnych" "W kolejce po swój egzemplarz czeka już 400 tysięcy klientów."
"pl_POL_newsweek_int" "2017-07-12 17:00:00" "Koniec trójpodziału władzy w Polsce?" "Sejm głosami PiS uchwalił nowelizację ustawy o Krajowej Radzie Sądownictwa."
"pl_POL_newsweek_int" "2017-07-12 16:36:00" "„Do tej pory za mało się angażowałam”" "Kim są ludzie, którzy protestują na miesięcznicach?"
"pl_POL_newsweek_int" "2017-07-12 15:33:00" "Nawet poseł PiS apeluje o odrzucenie opłaty paliwowej. Wytacza ciężkie działa" "Pomysł wprowadzenia nowej opłaty ostro skrytykowała opozycja. Ale wściekli byli nawet posłowie PiS."
"pl_POL_newsweek_int" "2017-07-12 15:15:00" "Polska pod wodą. 20 lat temu powódź tysiąclecia dotarła do Wrocławia" "Z powodzią walczyli mieszkańcy, żołnierze, organizacje pomocowa. Zobacz, jak to wyglądało!"
"pl_POL_newsweek_int" "2017-07-12 15:03:00" "Quentin Tarantino nakręci film o zabójstwie żony Romana Polańskiego Sharon Tate" "Tarantino zapowiedział pracę nad filmem o zbrodni z 1969 roku. Zdjęcia powinny rozpocząć się jeszcze w tym roku."
"pl_POL_newsweek_int" "2017-07-12 14:10:00" "Plażowa moda na przestrzeni lat" "Będąc na plaży, mamy okazję spotkać prawdziwy pokaz mody. Jednoczęściowe, bikini, tankini oraz wiele innych kombinacji."
"pl_POL_newsweek_int" "2017-07-12 14:10:00" "Sport i zdrowe odżywianie latem" "Ciepłe słoneczne dni dostarczają nam witaminy D, a tym samym więcej siły i energii do podjęcia nowych wyzwań."
"pl_POL_newsweek_int" "2017-07-12 14:10:00" "Wypożyczenie auta – o tym należy pamiętać" "Jak wybrać auto, które będzie dla nas najbardziej odpowiednie podczas urlopu?"
"pl_POL_newsweek_int" "2017-07-12 14:10:00" "Jak pozbyć się cellulitu? 5 sposobów" "Cellulit – innymi słowy skórka pomarańczowa, to problem, który dotyka niemal każdej kobiety."
"pl_POL_newsweek_int" "2017-07-12 14:10:00" "Sportowe buty, które warto kupić na wyprzedażach" "Początek lata to gorący okres wyprzedaży, podczas których można nabyć wiele markowych produktów w niskich cenach."
"pl_POL_newsweek_int" "2017-07-12 14:10:00" "Nie żyje Lech Morawski, sędzia Trybunału Konstytucyjnego" "Sędzią TK był od kilku miesięcy."
"pl_POL_newsweek_int" "2017-07-12 10:45:00" "Do Funduszu Kościelnego trafiła w ostatnim roku rekordowa kwota. Wszystko z naszych podatków" "Zaledwie pięć lat temu na ten cel przeznaczono 45 milionów złotych mniej."
"pl_POL_newsweek_int" "2017-07-12 09:25:00" "Zobacz, która piosenka zdetronizowała „Gangnam Style” na YouTubie" "Przebój południowokoreańskiego wokalisty Psy nie jest już rekordzistą. Wysłuchaj piosenki, która go wyprzedziła."
"pl_POL_newsweek_int" "2017-07-13 12:30:00" "„Korona królów” – nowy serial TVP, czyli „Kiepscy” trafili do „Gry o Tron”" "– „Korona królów” to pierwsza wielka produkcja TVP od ponad 30 lat – chwali się Jacek Kurski, ale na razie nic tego nie zapowiada."
"pl_POL_newsweek_int" "2017-07-13 12:15:00" "„To będzie atrapa demokracji”" "Nocą, po cichu, w Sejmie jest dokonywana zmiana ustroju Polski – mówi poseł Arkadiusz Myrcha."
"pl_POL_newsweek_int" "2017-07-13 12:00:00" "Czy to koniec demokracji? Nocny projekt PiS" "Prawo i Sprawiedliwość wyjątkowo brutalnie zabiera się za Sąd Najwyższy. O wszystkim decydować będzie minister Ziobro. Co to oznacza?"
"pl_POL_newsweek_int" "2017-07-13 11:25:00" "„Demokracja umiera w ciemnościach”. Jak hasło waszyngtońskiego dziennika pasuje do Polski" "Powstałe po zwycięstwie Donalda Trumpa motto dziennika „The Washington Post” idealnie pasuje do sytuacji w Polsce."
"pl_POL_newsweek_int" "2017-07-13 08:30:00" "Lot, którego nie było. Tadeusz Kuziora mógł zastąpić Hermaszewskiego" "Miał szansę polecieć w kosmos, ale start rakiety Sojuz 30 oglądał z ziemi. Teraz miał okazję przeżyć ten lot dzięki okularom VR."
"pl_POL_newsweek_int" "2017-07-13 07:30:00" "Pij kawę, a będziesz zdrowszy!" "To wniosek z dwóch ogromnych badań, które objęły ponad pół miliona mieszkańców dziesięciu krajów Europy i USA."
"pl_POL_newsweek_int" "2017-07-13 07:00:00" "Ksiądz ministra Szyszki. Boi się go nawet biskup" "Ksiądz Tomasz Duszkiewicz gdy zechce, bez kłopotu wyrzuci kolegów z myślistwa. Gdy zechce, zbuduje, co chce, bez pozwolenia w środku Białowieży. Nie boi się biskupa. Księdza Trotyla obawiają się za to myśliwi z Podlasia, którzy stanęli mu na drodze."
"pl_POL_newsweek_int" "2017-07-13 06:30:00" "„Weto to nadepnięcie Kaczyńskiemu na odcisk”" "Nie ma mowy o niezależności Andrzeja Dudy. – Kaczyński ma Dudę w garści, bo to on podpisuje czek – mówi politolog dr Tomasz Słupik."
"pl_POL_newsweek_int" "2017-07-12 20:29:00" "Problem z następcą sędziego Morawskiego. Czy PiS złamie prawo?" "Śmierć sędziego Lecha Morawskiego stanowi dla PiS-u poważny kłopot."
"pl_POL_newsweek_int" "2017-07-12 20:10:00" "Prezydent przeciw PiS. Zawetował ustawę uderzającą w samorządy" "Regionalne Izby Obrachunkowe pozostaną niezależne."
"pl_POL_newsweek_int" "2017-07-12 18:30:00" "Masakra w Srebrenicy, czyli niezabliźnione rany" "22 lata temu pod okiem i za zgodą międzynarodowej społeczności, Serbowie zamordowali około ośmiu tysięcy muzułmanów"
"pl_POL_newsweek_int" "2017-07-12 17:54:00" "Samochód roku zjechał właśnie z taśm produkcyjnych" "W kolejce po swój egzemplarz czeka już 400 tysięcy klientów."
"pl_POL_newsweek_int" "2017-07-12 17:00:00" "Koniec trójpodziału władzy w Polsce?" "Sejm głosami PiS uchwalił nowelizację ustawy o Krajowej Radzie Sądownictwa."
"pl_POL_newsweek_int" "2017-07-12 16:36:00" "„Do tej pory za mało się angażowałam”" "Kim są ludzie, którzy protestują na miesięcznicach?"
"pl_POL_newsweek_int" "2017-07-12 15:33:00" "Nawet poseł PiS apeluje o odrzucenie opłaty paliwowej. Wytacza ciężkie działa" "Pomysł wprowadzenia nowej opłaty ostro skrytykowała opozycja. Ale wściekli byli nawet posłowie PiS."
"pl_POL_newsweek_int" "2017-07-12 15:15:00" "Polska pod wodą. 20 lat temu powódź tysiąclecia dotarła do Wrocławia" "Z powodzią walczyli mieszkańcy, żołnierze, organizacje pomocowa. Zobacz, jak to wyglądało!"
"pl_POL_newsweek_int" "2017-07-12 15:03:00" "Quentin Tarantino nakręci film o zabójstwie żony Romana Polańskiego Sharon Tate" "Tarantino zapowiedział pracę nad filmem o zbrodni z 1969 roku. Zdjęcia powinny rozpocząć się jeszcze w tym roku."
"pl_POL_newsweek_int" "2017-07-12 14:10:00" "Plażowa moda na przestrzeni lat" "Będąc na plaży, mamy okazję spotkać prawdziwy pokaz mody. Jednoczęściowe, bikini, tankini oraz wiele innych kombinacji."
"pl_POL_newsweek_int" "2017-07-12 14:10:00" "Sport i zdrowe odżywianie latem" "Ciepłe słoneczne dni dostarczają nam witaminy D, a tym samym więcej siły i energii do podjęcia nowych wyzwań."
"pl_POL_newsweek_int" "2017-07-12 14:10:00" "Wypożyczenie auta – o tym należy pamiętać" "Jak wybrać auto, które będzie dla nas najbardziej odpowiednie podczas urlopu?"
"pl_POL_newsweek_int" "2017-07-12 14:10:00" "Jak pozbyć się cellulitu? 5 sposobów" "Cellulit – innymi słowy skórka pomarańczowa, to problem, który dotyka niemal każdej kobiety."
"pl_POL_newsweek_int" "2017-07-12 14:10:00" "Sportowe buty, które warto kupić na wyprzedażach" "Początek lata to gorący okres wyprzedaży, podczas których można nabyć wiele markowych produktów w niskich cenach."
"pl_POL_newsweek_int" "2017-07-12 14:10:00" "Nie żyje Lech Morawski, sędzia Trybunału Konstytucyjnego" "Sędzią TK był od kilku miesięcy."
"pl_POL_newsweek_int" "2017-07-12 10:45:00" "Do Funduszu Kościelnego trafiła w ostatnim roku rekordowa kwota. Wszystko z naszych podatków" "Zaledwie pięć lat temu na ten cel przeznaczono 45 milionów złotych mniej."
"pl_POL_newsweek_int" "2017-07-12 09:25:00" "Zobacz, która piosenka zdetronizowała „Gangnam Style” na YouTubie" "Przebój południowokoreańskiego wokalisty Psy nie jest już rekordzistą. Wysłuchaj piosenki, która go wyprzedziła."
"pl_POL_newsweek_int" "2017-07-13 12:30:00" "„Korona królów” – nowy serial TVP, czyli „Kiepscy” trafili do „Gry o Tron”" "– „Korona królów” to pierwsza wielka produkcja TVP od ponad 30 lat – chwali się Jacek Kurski, ale na razie nic tego nie zapowiada."
"pl_POL_newsweek_int" "2017-07-13 12:15:00" "„To będzie atrapa demokracji”" "Nocą, po cichu, w Sejmie jest dokonywana zmiana ustroju Polski – mówi poseł Arkadiusz Myrcha."
"pl_POL_newsweek_int" "2017-07-13 12:00:00" "Czy to koniec demokracji? Nocny projekt PiS" "Prawo i Sprawiedliwość wyjątkowo brutalnie zabiera się za Sąd Najwyższy. O wszystkim decydować będzie minister Ziobro. Co to oznacza?"
"pl_POL_newsweek_int" "2017-07-13 11:25:00" "„Demokracja umiera w ciemnościach”. Jak hasło waszyngtońskiego dziennika pasuje do Polski" "Powstałe po zwycięstwie Donalda Trumpa motto dziennika „The Washington Post” idealnie pasuje do sytuacji w Polsce."
"pl_POL_newsweek_int" "2017-07-13 08:30:00" "Lot, którego nie było. Tadeusz Kuziora mógł zastąpić Hermaszewskiego" "Miał szansę polecieć w kosmos, ale start rakiety Sojuz 30 oglądał z ziemi. Teraz miał okazję przeżyć ten lot dzięki okularom VR."
"pl_POL_newsweek_int" "2017-07-13 07:30:00" "Pij kawę, a będziesz zdrowszy!" "To wniosek z dwóch ogromnych badań, które objęły ponad pół miliona mieszkańców dziesięciu krajów Europy i USA."
"pl_POL_newsweek_int" "2017-07-13 07:00:00" "Ksiądz ministra Szyszki. Boi się go nawet biskup" "Ksiądz Tomasz Duszkiewicz gdy zechce, bez kłopotu wyrzuci kolegów z myślistwa. Gdy zechce, zbuduje, co chce, bez pozwolenia w środku Białowieży. Nie boi się biskupa. Księdza Trotyla obawiają się za to myśliwi z Podlasia, którzy stanęli mu na drodze."
"pl_POL_newsweek_int" "2017-07-13 06:30:00" "„Weto to nadepnięcie Kaczyńskiemu na odcisk”" "Nie ma mowy o niezależności Andrzeja Dudy. – Kaczyński ma Dudę w garści, bo to on podpisuje czek – mówi politolog dr Tomasz Słupik."
"pl_POL_newsweek_int" "2017-07-12 20:29:00" "Problem z następcą sędziego Morawskiego. Czy PiS złamie prawo?" "Śmierć sędziego Lecha Morawskiego stanowi dla PiS-u poważny kłopot."
"pl_POL_newsweek_int" "2017-07-12 20:10:00" "Prezydent przeciw PiS. Zawetował ustawę uderzającą w samorządy" "Regionalne Izby Obrachunkowe pozostaną niezależne."
"pl_POL_newsweek_int" "2017-07-12 18:30:00" "Masakra w Srebrenicy, czyli niezabliźnione rany" "22 lata temu pod okiem i za zgodą międzynarodowej społeczności, Serbowie zamordowali około ośmiu tysięcy muzułmanów"
"pl_POL_newsweek_int" "2017-07-12 17:54:00" "Samochód roku zjechał właśnie z taśm produkcyjnych" "W kolejce po swój egzemplarz czeka już 400 tysięcy klientów."
"pl_POL_newsweek_int" "2017-07-12 17:00:00" "Koniec trójpodziału władzy w Polsce?" "Sejm głosami PiS uchwalił nowelizację ustawy o Krajowej Radzie Sądownictwa."
"pl_POL_newsweek_int" "2017-07-12 16:36:00" "„Do tej pory za mało się angażowałam”" "Kim są ludzie, którzy protestują na miesięcznicach?"
"pl_POL_newsweek_int" "2017-07-12 15:33:00" "Nawet poseł PiS apeluje o odrzucenie opłaty paliwowej. Wytacza ciężkie działa" "Pomysł wprowadzenia nowej opłaty ostro skrytykowała opozycja. Ale wściekli byli nawet posłowie PiS."
"pl_POL_newsweek_int" "2017-07-12 15:15:00" "Polska pod wodą. 20 lat temu powódź tysiąclecia dotarła do Wrocławia" "Z powodzią walczyli mieszkańcy, żołnierze, organizacje pomocowa. Zobacz, jak to wyglądało!"
"pl_POL_newsweek_int" "2017-07-12 15:03:00" "Quentin Tarantino nakręci film o zabójstwie żony Romana Polańskiego Sharon Tate" "Tarantino zapowiedział pracę nad filmem o zbrodni z 1969 roku. Zdjęcia powinny rozpocząć się jeszcze w tym roku."
"pl_POL_newsweek_int" "2017-07-12 14:10:00" "Plażowa moda na przestrzeni lat" "Będąc na plaży, mamy okazję spotkać prawdziwy pokaz mody. Jednoczęściowe, bikini, tankini oraz wiele innych kombinacji."
"pl_POL_newsweek_int" "2017-07-12 14:10:00" "Sport i zdrowe odżywianie latem" "Ciepłe słoneczne dni dostarczają nam witaminy D, a tym samym więcej siły i energii do podjęcia nowych wyzwań."
"pl_POL_newsweek_int" "2017-07-12 14:10:00" "Wypożyczenie auta – o tym należy pamiętać" "Jak wybrać auto, które będzie dla nas najbardziej odpowiednie podczas urlopu?"
"pl_POL_newsweek_int" "2017-07-12 14:10:00" "Jak pozbyć się cellulitu? 5 sposobów" "Cellulit – innymi słowy skórka pomarańczowa, to problem, który dotyka niemal każdej kobiety."
"pl_POL_newsweek_int" "2017-07-12 14:10:00" "Sportowe buty, które warto kupić na wyprzedażach" "Początek lata to gorący okres wyprzedaży, podczas których można nabyć wiele markowych produktów w niskich cenach."
"pl_POL_newsweek_int" "2017-07-12 14:10:00" "Nie żyje Lech Morawski, sędzia Trybunału Konstytucyjnego" "Sędzią TK był od kilku miesięcy."
"pl_POL_newsweek_int" "2017-07-12 10:45:00" "Do Funduszu Kościelnego trafiła w ostatnim roku rekordowa kwota. Wszystko z naszych podatków" "Zaledwie pięć lat temu na ten cel przeznaczono 45 milionów złotych mniej."
"pl_POL_newsweek_int" "2017-07-12 09:25:00" "Zobacz, która piosenka zdetronizowała „Gangnam Style” na YouTubie" "Przebój południowokoreańskiego wokalisty Psy nie jest już rekordzistą. Wysłuchaj piosenki, która go wyprzedziła."
